"ID","Delivery_person_ID","Delivery_person_Ratings","Type_of_order","Type_of_vehicle","Time_taken(min)"
"8FCE","PUNERES20DEL01","4.9","Drinks ","scooter ","11"
"BDC","MUMRES09DEL03","4.6","Meal ","scooter ","15"
"84D6","CHENRES05DEL01","4","Snack ","motorcycle ","47"
"1140","VADRES010DEL01","4.6","Snack ","scooter ","22"
"FE1","VADRES16DEL01","4.7","Buffet ","motorcycle ","25"
"7948","CHENRES16DEL02","4.9","Buffet ","motorcycle ","23"
"58FD","JAPRES04DEL01","4.8","Snack ","scooter ","25"
"CE6E","AGRRES01DEL03","4","Drinks ","scooter ","31"
"5FA2","PUNERES03DEL01","4.6","Snack ","motorcycle ","26"
"9CCF","PUNERES02DEL02","4.8","Meal ","scooter ","16"
"A2A7","RANCHIRES20DEL03","4.8","Meal ","motorcycle ","17"
"D311","AGRRES17DEL02","4.7","Snack ","electric_scooter ","33"
"CFFD","KOCRES13DEL01","4.7","Meal ","electric_scooter ","29"
"9EF7","RANCHIRES08DEL01","4.5","Snack ","electric_scooter ","28"
"89A4","COIMBRES13DEL03","4.8","Meal ","scooter ","19"
"7F9","PUNERES14DEL01","4.1","Snack ","motorcycle ","23"
"67C8","VADRES07DEL02","2.8","Buffet ","electric_scooter ","34"
"D795","KOLRES03DEL02","4.9","Meal ","motorcycle ","35"
"696D","JAPRES14DEL03","4.8","Buffet ","electric_scooter ","27"
"445A","PUNERES04DEL03","4.9","Meal ","electric_scooter ","27"
"9F37","PUNERES19DEL01","4.9","Meal ","electric_scooter ","38"
"9482","JAPRES11DEL03","4.8","Snack ","scooter ","20"
"A166","MUMRES01DEL01","4.1","Drinks ","scooter ","39"
"A4CE","JAPRES02DEL03","4.3","Snack ","scooter ","33"
"89C5","INDORES15DEL03","4.9","Buffet ","scooter ","19"
"7865","INDORES19DEL01","4.6","Buffet ","motorcycle ","23"
"92F5","MUMRES04DEL03","4.6","Drinks ","motorcycle ","13"
"1A9D","RANCHIRES16DEL03","4.9","Drinks ","scooter ","49"
"DC4F","KOLRES14DEL01","5","Meal ","motorcycle ","22"
"A1C4","JAPRES01DEL02","4.2","Snack ","scooter ","32"
"3FEF","HYDRES20DEL01","4.9","Drinks ","scooter ","19"
"AE77","INDORES20DEL02","4.7","Meal ","motorcycle ","19"
"D63F","AURGRES12DEL01","4.7","Snack ","motorcycle ","21"
"758A","MYSRES12DEL01","4.8","Meal ","motorcycle ","44"
"D701","AGRRES12DEL01","5","Drinks ","scooter ","20"
"91F6","PUNERES14DEL03","4.8","Snack ","motorcycle ","25"
"33A7","SURRES15DEL01","4.7","Meal ","motorcycle ","26"
"A81F","INDORES07DEL02","4.3","Snack ","motorcycle ","40"
"7D9F","VADRES07DEL02","4.7","Snack ","scooter ","27"
"89B0","SURRES12DEL02","3.6","Buffet ","motorcycle ","43"
"B325","HYDRES08DEL02","4.8","Drinks ","scooter ","34"
"20DA","COIMBRES03DEL03","4.6","Buffet ","scooter ","27"
"4098","PUNERES07DEL02","4.6","Snack ","scooter ","25"
"CABE","AURGRES02DEL02","4.6","Meal ","motorcycle ","43"
"42B6","INDORES02DEL01","4.7","Snack ","motorcycle ","39"
"9C6E","COIMBRES06DEL02","4.1","Meal ","motorcycle ","26"
"8439","PUNERES12DEL03","4.8","Buffet ","scooter ","16"
"5EC","CHENRES010DEL01","4.6","Snack ","scooter ","15"
"7637","INDORES09DEL02","5","Snack ","motorcycle ","12"
"CD87","AURGRES06DEL02","4.7","Meal ","scooter ","16"
"5C97","PUNERES16DEL01","5","Buffet ","motorcycle ","22"
"3875","INDORES14DEL02","4.5","Meal ","scooter ","17"
"9795","VADRES010DEL02","4.2","Buffet ","motorcycle ","26"
"6EC8","JAPRES09DEL02","4.3","Drinks ","motorcycle ","31"
"77D5","HYDRES08DEL03","4.9","Meal ","motorcycle ","23"
"C4AD","ALHRES01DEL02","4.7","Snack ","motorcycle ","43"
"7CD1","MUMRES13DEL01","4.5","Buffet ","motorcycle ","23"
"3700","VADRES19DEL03","4.8","Buffet ","motorcycle ","21"
"4878","CHENRES12DEL01","5","Drinks ","scooter ","16"
"CD13","BHPRES07DEL01","4.8","Drinks ","motorcycle ","40"
"B2C2","RANCHIRES01DEL01","4","Buffet ","motorcycle ","34"
"6.00E+14","CHENRES08DEL03","4.2","Snack ","motorcycle ","34"
"4ADC","COIMBRES14DEL01","4.1","Buffet ","scooter ","33"
"B41E","VADRES06DEL03","4.7","Snack ","motorcycle ","25"
"9125","INDORES09DEL01","4.8","Snack ","scooter ","22"
"74B6","HYDRES03DEL01","4.6","Buffet ","motorcycle ","46"
"12D6","COIMBRES010DEL01","3.9","Buffet ","motorcycle ","42"
"72BB","INDORES16DEL01","5","Snack ","scooter ","27"
"99C2","COIMBRES12DEL03","4.7","Meal ","electric_scooter ","11"
"8840","INDORES08DEL02","5","Buffet ","scooter ","10"
"9.00E+67","INDORES13DEL03","4.8","Snack ","scooter ","15"
"756A","RANCHIRES14DEL02","4.5","Meal ","motorcycle ","19"
"2FD4","JAPRES09DEL01","4.9","Meal ","motorcycle ","15"
"1.00E+3","BANGRES14DEL02","4.8","Buffet ","electric_scooter ","26"
"BE5C","HYDRES19DEL02","4.8","Meal ","electric_scooter ","20"
"D3FF","KOCRES01DEL02","5","Buffet ","motorcycle ","21"
"BEF 2.00","PUNERES18DEL03","4.8","Drinks ","motorcycle ","27"
"979C","JAPRES010DEL02","4","Drinks ","motorcycle ","33"
"CBB6","KNPRES05DEL02","4.8","Meal ","scooter ","25"
"1.20E+7","VADRES12DEL02","4.4","Drinks ","motorcycle ","21"
"5D6C","CHENRES13DEL02","4.6","Drinks ","scooter ","29"
"1CB7","MUMRES05DEL02","4.6","Snack ","scooter ","26"
"9087","VADRES09DEL02","5","Buffet ","scooter ","36"
"8634","MUMRES14DEL02","4.5","Snack ","scooter ","18"
"BEC 3.00","SURRES18DEL01","4.6","Drinks ","scooter ","26"
"4B62","CHENRES03DEL01","4.7","Meal ","motorcycle ","29"
"35CB","INDORES17DEL02","4.9","Meal ","motorcycle ","10"
"78A1","PUNERES16DEL01","3.5","Drinks ","motorcycle ","38"
"662","MUMRES05DEL01","4.6","Drinks ","scooter ","21"
"59AD","HYDRES12DEL03","4.6","Buffet ","motorcycle ","23"
"6256","SURRES09DEL01","4.6","Meal ","scooter ","22"
"84CC","JAPRES16DEL03","4.8","Snack ","motorcycle ","28"
"B901","CHENRES07DEL01","4.8","Drinks ","electric_scooter ","36"
"4647","INDORES01DEL01","4.6","Buffet ","electric_scooter ","30"
"62AC","VADRES07DEL01","4.6","Buffet ","scooter ","26"
"D296","DEHRES20DEL01","4.7","Snack ","electric_scooter ","43"
"B681","INDORES01DEL02","4.7","Snack ","scooter ","19"
"90B7","PUNERES09DEL02","4.8","Buffet ","motorcycle ","26"
"2752","MUMRES17DEL03","4.7","Snack ","scooter ","11"
"4EE7","BANGRES18DEL03","4.9","Meal ","motorcycle ","49"
"4.00E+4","MUMRES08DEL02","4.4","Drinks ","scooter ","37"
"1723","SURRES09DEL03","4.3","Drinks ","motorcycle ","41"
"2588","JAPRES07DEL03","4.8","Buffet ","motorcycle ","42"
"46BE","COIMBRES04DEL01","4.6","Meal ","motorcycle ","24"
"DD55","KNPRES09DEL03","4.1","Buffet ","scooter ","38"
"D13","SURRES11DEL02","3.9","Meal ","motorcycle ","39"
"E081","DEHRES13DEL03","4.4","Snack ","motorcycle ","40"
"82A2","JAPRES18DEL02","4.1","Snack ","motorcycle ","34"
"BD6A","MUMRES07DEL03","4.6","Drinks ","motorcycle ","39"
"3BBE","BANGRES09DEL01","4.9","Meal ","motorcycle ","26"
"CA3F","KNPRES04DEL03","4.7","Meal ","scooter ","14"
"5E1C","MUMRES15DEL02","4.2","Buffet ","motorcycle ","42"
"C597","DEHRES09DEL01","4.9","Buffet ","scooter ","26"
"1ADB","COIMBRES01DEL02","4.1","Meal ","motorcycle ","34"
"7.00E+25","SURRES08DEL03","4.6","Drinks ","scooter ","19"
"A684","MYSRES19DEL01","4.7","Meal ","motorcycle ","36"
"8FC1","HYDRES18DEL02","4.6","Buffet ","motorcycle ","24"
"4D64","MUMRES09DEL01","4.7","Buffet ","electric_scooter ","27"
"5214","MUMRES15DEL03","4.8","Snack ","scooter ","27"
"1891","JAPRES04DEL01","4.8","Drinks ","scooter ","13"
"492C","MYSRES17DEL02","4.5","Buffet ","motorcycle ","21"
"32A6","HYDRES14DEL03","4.8","Drinks ","motorcycle ","32"
"6517","HYDRES17DEL02","5","Drinks ","scooter ","26"
"5F7F","MUMRES02DEL02","4.5","Snack ","motorcycle ","22"
"6CC4","COIMBRES15DEL01","4.4","Drinks ","motorcycle ","17"
"9762","JAPRES02DEL03","4.8","Drinks ","scooter ","16"
"7FE2","SURRES12DEL01","4.6","Buffet ","motorcycle ","46"
"AA8F","INDORES05DEL01","4.8","Buffet ","electric_scooter ","10"
"7F4D","COIMBRES01DEL03","4.6","Buffet ","motorcycle ","16"
"A28B","BANGRES05DEL01","4.8","Drinks ","electric_scooter ","17"
"3.20E+3","RANCHIRES17DEL02","4.1","Meal ","scooter ","36"
"7057","CHENRES01DEL03","4.9","Buffet ","electric_scooter ","21"
"255A","CHENRES07DEL02","4.9","Snack ","motorcycle ","26"
"AECB","JAPRES07DEL01","4.1","Drinks ","motorcycle ","42"
"8A3A","HYDRES17DEL01","4.7","Meal ","scooter ","28"
"77FA","MUMRES19DEL02","4.9","Buffet ","motorcycle ","18"
"422A","HYDRES12DEL03","4.8","Meal ","scooter ","22"
"1F6D","CHENRES06DEL01","4.8","Drinks ","motorcycle ","17"
"8CD5","JAPRES05DEL03","4.5","Meal ","scooter ","31"
"149A","MYSRES19DEL03","4.6","Meal ","electric_scooter ","31"
"DC5F","DEHRES06DEL03","4.1","Snack ","electric_scooter ","44"
"58A7","MYSRES01DEL01","4.6","Meal ","motorcycle ","18"
"2C93","JAPRES19DEL01","5","Meal ","scooter ","10"
"CF0C","AGRRES09DEL01","4.7","Snack ","scooter ","21"
"B86","PUNERES20DEL01","4.9","Buffet ","motorcycle ","22"
"56C5","MUMRES010DEL02","4.1","Meal ","motorcycle ","41"
"2.00E+98","RANCHIRES01DEL02","5","Drinks ","motorcycle ","21"
"607B","INDORES010DEL03","4.6","Drinks ","motorcycle ","19"
"C5EE","BHPRES06DEL01","5","Buffet ","motorcycle ","36"
"BBE7","BANGRES02DEL03","4.9","Meal ","motorcycle ","22"
"59BF","BANGRES19DEL03","4.7","Meal ","scooter ","13"
"8814","RANCHIRES07DEL03","4.5","Snack ","scooter ","23"
"5234","COIMBRES18DEL01","5","Meal ","motorcycle ","27"
"4DF9","COIMBRES15DEL03","4.7","Drinks ","motorcycle ","29"
"B1C3","PUNERES08DEL03","4.7","Meal ","scooter ","28"
"802F","SURRES14DEL02","4.1","Meal ","motorcycle ","37"
"4D8E","SURRES06DEL02","4.8","Drinks ","motorcycle ","47"
"CCA","JAPRES14DEL02","5","Drinks ","motorcycle ","15"
"72C0","JAPRES13DEL02","4.7","Meal ","scooter ","15"
"2F7F","HYDRES02DEL02","4.9","Buffet ","electric_scooter ","30"
"3672","PUNERES08DEL01","4.7","Snack ","scooter ","23"
"88D9","HYDRES06DEL01","2.6","Buffet ","electric_scooter ","41"
"344A","MUMRES13DEL02","4.7","Drinks ","motorcycle ","30"
"5DB9","VADRES11DEL01","4.7","Drinks ","motorcycle ","22"
"8F05","RANCHIRES20DEL01","4.7","Drinks ","electric_scooter ","10"
"4FC6","BANGRES13DEL02","4.5","Meal ","motorcycle ","40"
"751B","HYDRES16DEL02","4.6","Snack ","motorcycle ","13"
"5A28","MUMRES14DEL01","4.8","Meal ","motorcycle ","28"
"D6B2","GOARES12DEL03","4.1","Buffet ","motorcycle ","33"
"BA43","SURRES20DEL02","4.5","Meal ","motorcycle ","11"
"C620","GOARES06DEL02","4.5","Buffet ","motorcycle ","13"
"A62E","SURRES05DEL03","4.7","Buffet ","motorcycle ","13"
"C96A","DEHRES04DEL03","4.9","Meal ","motorcycle ","29"
"D7B6","GOARES16DEL01","4.5","Snack ","motorcycle ","47"
"648D","COIMBRES15DEL03","4.9","Snack ","motorcycle ","21"
"543","RANCHIRES04DEL01","4.6","Buffet ","scooter ","32"
"AF6B","SURRES010DEL03","4.9","Buffet ","motorcycle ","27"
"CBC","CHENRES17DEL03","4.8","Drinks ","electric_scooter ","26"
"1C6D","JAPRES18DEL02","4.7","Meal ","motorcycle ","24"
"637","COIMBRES20DEL01","4.6","Snack ","electric_scooter ","19"
"1B4F","VADRES15DEL01","4.6","Meal ","electric_scooter ","25"
"E1BA","BHPRES16DEL01","4.8","Meal ","motorcycle ","20"
"AAA7","RANCHIRES20DEL03","4.9","Drinks ","motorcycle ","12"
"6622","SURRES17DEL01","4.8","Snack ","scooter ","29"
"49AD","COIMBRES07DEL03","4.9","Meal ","motorcycle ","24"
"649C","HYDRES08DEL01","4.8","Snack ","scooter ","26"
"2610","JAPRES07DEL02","4.7","Snack ","scooter ","15"
"8CD2","VADRES16DEL01","4.6","Meal ","scooter ","10"
"4F7A","HYDRES05DEL01","4.8","Buffet ","scooter ","35"
"A72D","MUMRES13DEL02","4.9","Buffet ","electric_scooter ","10"
"4067","VADRES03DEL03","4.9","Snack ","motorcycle ","18"
"B00C","INDORES12DEL01","4.7","Meal ","motorcycle ","27"
"2EF3","INDORES18DEL02","4.6","Drinks ","scooter ","30"
"4.00E+7","CHENRES19DEL02","4.6","Meal ","scooter ","15"
"4231","MUMRES17DEL03","4.7","Drinks ","motorcycle ","27"
"7330","RANCHIRES14DEL03","4.2","Snack ","scooter ","34"
"205B","COIMBRES09DEL03","4.7","Meal ","electric_scooter ","21"
"3692","PUNERES03DEL03","4.8","Snack ","motorcycle ","24"
"80F7","INDORES18DEL03","4.9","Buffet ","electric_scooter ","22"
"975","JAPRES15DEL03","4.6","Snack ","motorcycle ","52"
"D3F7","AURGRES20DEL01","4.8","Meal ","electric_scooter ","16"
"5589","CHENRES08DEL02","4.6","Meal ","motorcycle ","34"
"530B","INDORES11DEL01","5","Buffet ","motorcycle ","19"
"C678","KOLRES18DEL01","4.6","Meal ","scooter ","26"
"6E2F","SURRES14DEL03","4.8","Drinks ","motorcycle ","29"
"4453","BANGRES16DEL03","4.7","Snack ","motorcycle ","22"
"526D","MYSRES02DEL01","4.8","Meal ","scooter ","15"
"5.00E+16","BANGRES14DEL02","4.6","Buffet ","motorcycle ","12"
"4588","RANCHIRES09DEL02","5","Snack ","electric_scooter ","27"
"9D5C","SURRES20DEL02","4.2","Meal ","motorcycle ","37"
"C2EF","GOARES08DEL01","5","Snack ","scooter ","19"
"4DE","SURRES05DEL03","4.6","Snack ","scooter ","24"
"B8DD","MUMRES13DEL01","4.5","Buffet ","scooter ","17"
"3.20E+7","SURRES14DEL02","4.9","Meal ","motorcycle ","54"
"3EC2","SURRES11DEL03","5","Snack ","electric_scooter ","21"
"C2B8","ALHRES09DEL03","4.2","Meal ","motorcycle ","29"
"E038","BHPRES13DEL02","4.9","Snack ","scooter ","22"
"7C20","SURRES09DEL03","4.9","Meal ","scooter ","14"
"3D3C","JAPRES010DEL03","4.2","Snack ","motorcycle ","35"
"3B59","MUMRES18DEL02","4.5","Buffet ","motorcycle ","26"
"77BF","MUMRES010DEL03","4.8","Meal ","scooter ","26"
"262F","INDORES07DEL02","4.6","Drinks ","scooter ","42"
"48EB","CHENRES09DEL02","4.7","Buffet ","motorcycle ","32"
"9.50E+7","SURRES08DEL01","4.8","Snack ","motorcycle ","15"
"2779","JAPRES14DEL01","4.6","Buffet ","motorcycle ","17"
"5FC6","RANCHIRES18DEL02","4.9","Buffet ","scooter ","31"
"CF2B","KNPRES06DEL03","4.6","Buffet ","scooter ","25"
"42DC","INDORES02DEL03","4.8","Snack ","electric_scooter ","35"
"6175","SURRES08DEL02","4.6","Meal ","motorcycle ","16"
"DB1B","LUDHRES010DEL01","4.7","Drinks ","motorcycle ","19"
"840F","BANGRES09DEL01","4.6","Buffet ","electric_scooter ","16"
"3B4B","JAPRES010DEL01","4.1","Meal ","scooter ","43"
"69D3","BANGRES05DEL02","4.9","Snack ","scooter ","18"
"567F","HYDRES12DEL01","4.6","Meal ","motorcycle ","41"
"A937","MYSRES17DEL02","4.9","Drinks ","scooter ","25"
"719C","SURRES16DEL03","4.1","Buffet ","scooter ","32"
"5822","INDORES14DEL01","4.8","Meal ","motorcycle ","25"
"C797","BHPRES16DEL01","4.4","Drinks ","scooter ","40"
"C0A6","KOLRES010DEL02","4.8","Meal ","motorcycle ","20"
"7155","CHENRES16DEL01","4.7","Snack ","scooter ","28"
"6DF0","VADRES17DEL02","4.8","Buffet ","motorcycle ","22"
"442F","VADRES13DEL02","4.4","Meal ","motorcycle ","41"
"D3CA","ALHRES19DEL03","4.5","Meal ","motorcycle ","13"
"51C0","VADRES20DEL01","4.6","Snack ","scooter ","18"
"4F1B","JAPRES17DEL02","4.1","Snack ","motorcycle ","41"
"3542","JAPRES14DEL03","4.4","Meal ","motorcycle ","31"
"4626","VADRES010DEL02","4.7","Buffet ","electric_scooter ","15"
"B6B9","CHENRES16DEL03","4.4","Buffet ","motorcycle ","28"
"89D3","HYDRES08DEL01","4.5","Drinks ","electric_scooter ","26"
"95C2","MUMRES02DEL03","4.9","Meal ","motorcycle ","19"
"3640","MUMRES03DEL02","4.1","Meal ","motorcycle ","45"
"736A","INDORES16DEL01","5","Meal ","scooter ","25"
"3.80E+4","BANGRES03DEL02","4.8","Buffet ","motorcycle ","25"
"8C61","INDORES13DEL01","4.7","Meal ","motorcycle ","15"
"9321","BANGRES01DEL03","4.6","Buffet ","motorcycle ","21"
"D542","KOCRES15DEL01","4.7","Drinks ","motorcycle ","21"
"7162","MYSRES15DEL02","4.7","Meal ","motorcycle ","41"
"8.00E+91","RANCHIRES010DEL03","4.6","Drinks ","motorcycle ","25"
"7907","MYSRES14DEL01","4.6","Buffet ","scooter ","15"
"C21B","BHPRES15DEL03","5","Meal ","motorcycle ","23"
"9EAA","RANCHIRES20DEL02","4.7","Meal ","scooter ","28"
"825A","VADRES08DEL02","4.7","Buffet ","motorcycle ","24"
"8586","MYSRES03DEL02","4.5","Meal ","motorcycle ","25"
"22B7","RANCHIRES18DEL01","4.8","Buffet ","motorcycle ","33"
"DDEC","ALHRES05DEL02","4.2","Drinks ","scooter ","38"
"5CDA","CHENRES15DEL03","4.6","Snack ","scooter ","26"
"A30D","PUNERES12DEL03","4.6","Drinks ","motorcycle ","29"
"467D","VADRES15DEL02","4.8","Buffet ","electric_scooter ","15"
"17B3","COIMBRES08DEL01","4.8","Drinks ","motorcycle ","17"
"C3E3","DEHRES20DEL01","4.8","Drinks ","motorcycle ","23"
"2FEC","JAPRES13DEL02","4.8","Drinks ","motorcycle ","25"
"1CA5","CHENRES13DEL01","4.9","Buffet ","motorcycle ","48"
"CD90","ALHRES04DEL02","3.3","Meal ","motorcycle ","32"
"6B4E","SURRES20DEL02","4.8","Buffet ","motorcycle ","48"
"1B14","SURRES09DEL01","4.4","Buffet ","motorcycle ","42"
"9310","MUMRES06DEL01","4.7","Snack ","motorcycle ","21"
"7899","BANGRES09DEL02","4.7","Meal ","motorcycle ","26"
"2369","COIMBRES17DEL01","4.4","Buffet ","motorcycle ","25"
"2364","PUNERES09DEL03","4.4","Meal ","motorcycle ","44"
"E07B","BHPRES13DEL03","4.8","Buffet ","motorcycle ","30"
"1F41","RANCHIRES20DEL02","4.8","Meal ","scooter ","24"
"8.30E+2","PUNERES18DEL02","3.5","Meal ","scooter ","37"
"DDD8","GOARES12DEL03","4.3","Meal ","motorcycle ","19"
"4AE3","MUMRES20DEL03","4.7","Buffet ","scooter ","14"
"C2F5","DEHRES20DEL01","4.6","Buffet ","motorcycle ","39"
"40C","COIMBRES08DEL03","6","Meal ","electric_scooter ","16"
"623F","HYDRES13DEL02","4.8","Buffet ","motorcycle ","38"
"9443","MYSRES11DEL03","4.9","Buffet ","motorcycle ","24"
"C1F9","DEHRES14DEL01","4.8","Drinks ","scooter ","22"
"3219","RANCHIRES09DEL03","4.9","Snack ","motorcycle ","27"
"49FB","MYSRES03DEL03","4.8","Meal ","motorcycle ","32"
"8E0C","RANCHIRES17DEL02","4.8","Meal ","motorcycle ","36"
"31B1","MUMRES010DEL01","4.5","Drinks ","motorcycle ","21"
"203C","RANCHIRES19DEL03","4.6","Snack ","motorcycle ","17"
"1CE6","JAPRES03DEL02","4.7","Snack ","motorcycle ","47"
"7373","INDORES01DEL01","4.7","Buffet ","scooter ","12"
"21F4","HYDRES010DEL02","4.1","Snack ","motorcycle ","37"
"7B11","MYSRES11DEL01","4.6","Drinks ","motorcycle ","16"
"5EB3","BANGRES06DEL01","3.6","Snack ","scooter ","41"
"5264","MUMRES03DEL02","4.9","Drinks ","scooter ","15"
"BD5B","SURRES13DEL02","4.9","Drinks ","motorcycle ","23"
"41DA","RANCHIRES010DEL01","4.6","Drinks ","scooter ","29"
"74F2","PUNERES010DEL02","4.8","Snack ","scooter ","19"
"E1C7","BHPRES03DEL01","4.8","Buffet ","motorcycle ","37"
"BCA8","HYDRES06DEL01","4.4","Buffet ","scooter ","31"
"5A77","RANCHIRES03DEL01","4.9","Meal ","motorcycle ","38"
"CBD7","BHPRES11DEL01","4.7","Buffet ","motorcycle ","16"
"78F0","VADRES01DEL01","4.7","Meal ","scooter ","10"
"C35B","KOCRES05DEL01","4.8","Snack ","motorcycle ","16"
"1794","COIMBRES20DEL03","5","Snack ","motorcycle ","22"
"5F89","INDORES14DEL03","4.9","Buffet ","motorcycle ","27"
"3D48","SURRES05DEL03","4.9","Buffet ","electric_scooter ","11"
"32D4","INDORES07DEL03","4.6","Meal ","motorcycle ","19"
"3453","MYSRES09DEL01","4.9","Drinks ","electric_scooter ","31"
"E70","PUNERES01DEL02","4.6","Meal ","electric_scooter ","29"
"6C46","MYSRES08DEL02","4.6","Drinks ","motorcycle ","21"
"489F","JAPRES010DEL01","4.2","Buffet ","scooter ","38"
"ABA","RANCHIRES18DEL01","4.6","Drinks ","motorcycle ","28"
"C286","LUDHRES20DEL02","4.8","Snack ","motorcycle ","22"
"AF30","SURRES01DEL02","4.7","Meal ","motorcycle ","27"
"6044","SURRES12DEL02","4.9","Meal ","motorcycle ","23"
"86B1","INDORES09DEL01","4.5","Buffet ","motorcycle ","37"
"2804","RANCHIRES02DEL03","4.5","Meal ","electric_scooter ","22"
"53AE","JAPRES02DEL02","4.8","Snack ","scooter ","25"
"C0C8","GOARES09DEL03","4.7","Meal ","scooter ","17"
"CC40","AURGRES19DEL02","4.9","Snack ","electric_scooter ","30"
"7135","VADRES11DEL01","4.7","Drinks ","motorcycle ","43"
"CC30","KNPRES04DEL03","5","Snack ","scooter ","14"
"935B","BANGRES05DEL02","4.9","Meal ","motorcycle ","39"
"212E","BANGRES01DEL02","4.5","Buffet ","motorcycle ","26"
"78D0","MUMRES01DEL02","4.6","Snack ","scooter ","23"
"914C","BANGRES06DEL01","4.6","Meal ","motorcycle ","23"
"4DB3","RANCHIRES07DEL03","5","Snack ","scooter ","12"
"9631","INDORES05DEL01","4.5","Buffet ","motorcycle ","22"
"2DA6","VADRES09DEL01","4.6","Snack ","motorcycle ","14"
"68B6","JAPRES03DEL01","4.8","Meal ","motorcycle ","33"
"8F07","COIMBRES13DEL03","4.9","Drinks ","scooter ","15"
"A4BA","CHENRES05DEL02","4.8","Drinks ","motorcycle ","15"
"1673","MUMRES06DEL03","4.4","Drinks ","motorcycle ","36"
"8222","MYSRES19DEL03","4.6","Meal ","electric_scooter ","15"
"1C86","JAPRES06DEL01","4.9","Meal ","motorcycle ","25"
"7.00E+65","SURRES15DEL03","4.5","Meal ","motorcycle ","14"
"195C","MYSRES09DEL03","4.6","Snack ","motorcycle ","22"
"4867","JAPRES19DEL02","4.7","Buffet ","scooter ","44"
"35EF","CHENRES05DEL03","4.8","Drinks ","scooter ","17"
"6A6E","BANGRES05DEL01","5","Snack ","scooter ","25"
"7081","HYDRES18DEL01","4.8","Buffet ","electric_scooter ","24"
"77D7","INDORES01DEL02","4.9","Snack ","motorcycle ","17"
"AFA 7.00","CHENRES02DEL01","4.7","Buffet ","scooter ","25"
"4AF9","HYDRES05DEL03","4.9","Buffet ","scooter ","25"
"8AC5","JAPRES08DEL03","3.9","Snack ","motorcycle ","31"
"6.10E+4","MUMRES17DEL01","4.9","Buffet ","scooter ","21"
"AB63","MUMRES12DEL01","4.6","Meal ","motorcycle ","22"
"DE4E","AURGRES20DEL03","4.7","Drinks ","electric_scooter ","30"
"670A","COIMBRES010DEL03","4.6","Meal ","motorcycle ","10"
"836A","COIMBRES14DEL03","4.6","Drinks ","scooter ","15"
"65CC","MYSRES08DEL01","4.7","Buffet ","motorcycle ","38"
"5D0C","BANGRES12DEL02","4.9","Meal ","scooter ","23"
"24A3","JAPRES20DEL03","4.8","Meal ","motorcycle ","18"
"576A","HYDRES17DEL01","4.9","Buffet ","motorcycle ","23"
"9AAC","JAPRES05DEL03","4.8","Meal ","motorcycle ","10"
"2D76","BANGRES08DEL02","4.6","Meal ","motorcycle ","49"
"CFAC","GOARES09DEL01","4.6","Drinks ","motorcycle ","27"
"4F74","INDORES20DEL02","4.8","Drinks ","motorcycle ","25"
"6929","MUMRES16DEL02","4.8","Meal ","scooter ","22"
"209F","SURRES01DEL01","4","Drinks ","motorcycle ","49"
"BC38","CHENRES03DEL02","4.8","Buffet ","motorcycle ","11"
"63D9","CHENRES09DEL02","4.7","Meal ","scooter ","19"
"48CA","JAPRES01DEL01","4.5","Snack ","scooter ","16"
"64BA","BANGRES16DEL02","4.1","Drinks ","motorcycle ","18"
"9EF9","HYDRES09DEL03","4.7","Drinks ","scooter ","29"
"BC10","CHENRES20DEL02","4.6","Buffet ","motorcycle ","19"
"C4CC","BHPRES18DEL02","4.7","Snack ","electric_scooter ","27"
"A02C","SURRES11DEL02","4.9","Drinks ","motorcycle ","23"
"7.70E+6","MUMRES04DEL01","4.8","Buffet ","motorcycle ","33"
"C45A","KNPRES15DEL03","4.7","Buffet ","scooter ","27"
"311C","SURRES04DEL02","4.7","Drinks ","motorcycle ","25"
"2707","PUNERES12DEL02","4.4","Meal ","motorcycle ","30"
"C47E","ALHRES07DEL01","4.1","Meal ","motorcycle ","16"
"9.60E+6","VADRES11DEL02","4.5","Buffet ","motorcycle ","15"
"7E7A","RANCHIRES01DEL02","4.7","Drinks ","motorcycle ","20"
"2.00E+44","MUMRES04DEL01","4.7","Snack ","motorcycle ","20"
"1EE4","SURRES02DEL03","4.1","Meal ","motorcycle ","32"
"66B6","SURRES17DEL02","4.1","Drinks ","motorcycle ","34"
"389B","PUNERES02DEL03","4.7","Drinks ","motorcycle ","24"
"A56D","VADRES07DEL03","4.8","Buffet ","electric_scooter ","20"
"1.60E+3","INDORES03DEL03","4.6","Snack ","scooter ","32"
"743D","CHENRES20DEL02","4.5","Meal ","electric_scooter ","17"
"DC17","DEHRES05DEL03","4.9","Snack ","motorcycle ","17"
"2422","BANGRES17DEL01","4.8","Drinks ","motorcycle ","19"
"8D1","VADRES04DEL01","4.8","Buffet ","scooter ","15"
"4A27","COIMBRES17DEL02","4.5","Meal ","motorcycle ","21"
"1.00E+0","RANCHIRES010DEL02","4.8","Drinks ","electric_scooter ","27"
"26CA","MUMRES11DEL01","4.1","Snack ","motorcycle ","42"
"21C1","JAPRES16DEL03","4.5","Meal ","electric_scooter ","28"
"84F6","BANGRES11DEL02","4.5","Buffet ","motorcycle ","21"
"8EEE","MUMRES20DEL01","4.7","Buffet ","motorcycle ","34"
"B9D","JAPRES15DEL02","4.8","Snack ","motorcycle ","28"
"E0CD","KOCRES08DEL01","4.2","Meal ","electric_scooter ","38"
"3924","MUMRES08DEL01","4.9","Snack ","motorcycle ","27"
"3D11","PUNERES13DEL01","4.4","Drinks ","motorcycle ","24"
"44F3","MUMRES01DEL02","4.9","Buffet ","scooter ","27"
"5A00","MYSRES08DEL03","4.7","Buffet ","motorcycle ","25"
"B996","BANGRES02DEL02","4.6","Snack ","scooter ","20"
"EBA","MYSRES010DEL03","4.8","Snack ","motorcycle ","27"
"A857","CHENRES04DEL01","4.8","Buffet ","motorcycle ","20"
"D01","SURRES15DEL01","4.6","Drinks ","motorcycle ","30"
"C2F9","GOARES02DEL01","4.3","Buffet ","scooter ","39"
"9B17","HYDRES11DEL01","4.9","Drinks ","scooter ","15"
"BCB5","BANGRES18DEL01","4.6","Drinks ","scooter ","33"
"6FF3","MUMRES18DEL01","4.7","Buffet ","motorcycle ","24"
"A8E3","HYDRES17DEL01","4.5","Buffet ","motorcycle ","28"
"CE9A","KOLRES010DEL01","4.9","Snack ","motorcycle ","29"
"47F0","MYSRES12DEL03","4.8","Meal ","scooter ","15"
"4037","BANGRES18DEL02","4","Snack ","motorcycle ","47"
"231F","MYSRES08DEL01","4.6","Buffet ","scooter ","18"
"B71D","BANGRES15DEL02","4.7","Meal ","scooter ","20"
"7CF1","HYDRES09DEL02","4.6","Buffet ","motorcycle ","24"
"B4E","SURRES02DEL02","4.4","Drinks ","motorcycle ","39"
"BD7B","RANCHIRES06DEL02","4.6","Buffet ","motorcycle ","52"
"4526","MUMRES16DEL03","4.5","Buffet ","motorcycle ","24"
"4.90E+9","BANGRES13DEL02","4.5","Snack ","motorcycle ","29"
"49A7","BANGRES010DEL01","4.2","Meal ","motorcycle ","39"
"DEF0","AURGRES12DEL01","4.8","Snack ","motorcycle ","34"
"6A03","COIMBRES04DEL01","4.1","Buffet ","motorcycle ","31"
"6955","PUNERES14DEL02","5","Drinks ","motorcycle ","40"
"99F4","COIMBRES17DEL01","4.9","Meal ","motorcycle ","48"
"488C","BANGRES02DEL01","4.2","Buffet ","motorcycle ","28"
"5B08","BANGRES08DEL02","4.7","Buffet ","motorcycle ","18"
"4762","RANCHIRES14DEL01","4.8","Drinks ","motorcycle ","28"
"576D","PUNERES12DEL02","4.5","Drinks ","motorcycle ","24"
"52F2","MUMRES010DEL01","4.7","Snack ","scooter ","27"
"60BF","MYSRES12DEL02","4.2","Snack ","electric_scooter ","33"
"5187","RANCHIRES03DEL01","5","Snack ","motorcycle ","15"
"1B84","PUNERES18DEL01","5","Drinks ","motorcycle ","10"
"B420","JAPRES08DEL02","4.9","Snack ","motorcycle ","26"
"3EB4","BANGRES01DEL02","4.7","Meal ","motorcycle ","41"
"BFCC","LUDHRES010DEL01","4.7","Drinks ","electric_scooter ","17"
"4ED8","RANCHIRES14DEL01","4.9","Drinks ","motorcycle ","38"
"DE69","DEHRES08DEL03","4.6","Snack ","motorcycle ","30"
"7BA5","VADRES12DEL01","4.7","Drinks ","motorcycle ","21"
"B8A1","VADRES19DEL01","4.6","Snack ","motorcycle ","14"
"6919","CHENRES04DEL03","4.6","Meal ","motorcycle ","14"
"18F8","CHENRES010DEL01","4.1","Snack ","scooter ","32"
"B1C7","VADRES06DEL02","4.7","Snack ","motorcycle ","28"
"9923","JAPRES20DEL01","4.6","Snack ","scooter ","26"
"BCBC","COIMBRES19DEL02","4.7","Snack ","scooter ","18"
"6CC7","MUMRES15DEL02","4.9","Snack ","motorcycle ","17"
"B105","CHENRES010DEL02","4.9","Snack ","motorcycle ","41"
"C6F3","KOLRES15DEL03","4.7","Buffet ","scooter ","16"
"ABA4","PUNERES11DEL02","4.8","Meal ","motorcycle ","15"
"DCBF","BHPRES18DEL02","4.7","Meal ","scooter ","28"
"D23F","BHPRES02DEL01","4.7","Drinks ","scooter ","17"
"E19C","LUDHRES06DEL03","4.5","Drinks ","motorcycle ","21"
"771F","MYSRES12DEL03","4.7","Buffet ","motorcycle ","21"
"2971","SURRES20DEL02","4.6","Buffet ","motorcycle ","21"
"2844","RANCHIRES06DEL01","4.9","Buffet ","scooter ","29"
"B677","HYDRES11DEL03","4.9","Meal ","scooter ","16"
"6275","PUNERES20DEL02","3.6","Drinks ","electric_scooter ","43"
"B76B","JAPRES04DEL03","3.6","Buffet ","scooter ","33"
"72A7","BANGRES14DEL03","4","Snack ","scooter ","34"
"55BF","VADRES12DEL02","4.7","Buffet ","motorcycle ","34"
"ADD2","RANCHIRES02DEL01","4.9","Snack ","motorcycle ","19"
"61A","RANCHIRES03DEL02","4.6","Drinks ","scooter ","20"
"2BC8","CHENRES09DEL02","5","Meal ","motorcycle ","42"
"7EF","COIMBRES14DEL02","4.9","Meal ","motorcycle ","19"
"5A6D","COIMBRES12DEL02","4.6","Drinks ","scooter ","22"
"D34E","ALHRES07DEL02","4.6","Snack ","motorcycle ","11"
"325E","COIMBRES05DEL01","4.9","Buffet ","scooter ","10"
"9E3F","HYDRES14DEL02","4.9","Snack ","scooter ","11"
"471E","MUMRES12DEL01","4.8","Snack ","scooter ","25"
"1F7A","COIMBRES11DEL02","4.4","Drinks ","motorcycle ","35"
"2D4F","COIMBRES18DEL02","5","Meal ","scooter ","39"
"9501","INDORES19DEL02","4.9","Snack ","motorcycle ","27"
"A2F9","RANCHIRES13DEL03","4.7","Meal ","motorcycle ","37"
"3203","CHENRES20DEL02","4.8","Buffet ","scooter ","30"
"DB1A","ALHRES07DEL03","4.7","Snack ","scooter ","18"
"9F28","SURRES09DEL03","5","Buffet ","motorcycle ","30"
"5A2","MYSRES15DEL03","4.6","Snack ","motorcycle ","29"
"2D44","SURRES18DEL03","4.3","Meal ","scooter ","34"
"44A","JAPRES01DEL03","4.6","Meal ","electric_scooter ","31"
"797A","RANCHIRES06DEL02","4.6","Meal ","scooter ","11"
"AF46","VADRES11DEL02","4.7","Snack ","motorcycle ","44"
"7E9E","MUMRES07DEL01","4.6","Snack ","motorcycle ","12"
"DB30","KNPRES09DEL01","4.9","Meal ","motorcycle ","28"
"48C5","PUNERES01DEL03","4.5","Drinks ","motorcycle ","19"
"D3E3","KOLRES010DEL01","4.9","Snack ","motorcycle ","19"
"7046","CHENRES15DEL02","4.1","Meal ","motorcycle ","39"
"88C9","BANGRES04DEL02","4.2","Buffet ","motorcycle ","32"
"C9CB","BHPRES05DEL02","4.9","Drinks ","electric_scooter ","18"
"149C","PUNERES06DEL02","4.4","Meal ","scooter ","32"
"7EB4","RANCHIRES20DEL01","4.5","Snack ","motorcycle ","25"
"3022","SURRES18DEL01","4.1","Snack ","electric_scooter ","32"
"DB3C","AURGRES17DEL01","4.6","Meal ","motorcycle ","30"
"C6E7","AURGRES04DEL01","4.6","Drinks ","motorcycle ","18"
"AB8B","MUMRES13DEL01","5","Drinks ","motorcycle ","28"
"2B31","CHENRES12DEL02","5","Drinks ","motorcycle ","29"
"704A","CHENRES02DEL02","4.5","Drinks ","electric_scooter ","27"
"6E9B","PUNERES05DEL01","4.7","Drinks ","motorcycle ","22"
"769A","MYSRES07DEL01","4.6","Snack ","motorcycle ","23"
"8307","HYDRES08DEL03","4.7","Snack ","motorcycle ","32"
"CD2C","BHPRES15DEL02","4.7","Drinks ","electric_scooter ","33"
"84C6","INDORES18DEL02","4.7","Buffet ","motorcycle ","19"
"DD64","DEHRES08DEL01","4.8","Drinks ","motorcycle ","21"
"BFCD","GOARES14DEL01","4.8","Drinks ","scooter ","18"
"AF1A","CHENRES11DEL01","4.3","Drinks ","motorcycle ","34"
"C37B","GOARES11DEL01","4.6","Drinks ","scooter ","34"
"A840","JAPRES09DEL01","4.8","Snack ","motorcycle ","35"
"78A2","HYDRES02DEL03","4.6","Buffet ","motorcycle ","34"
"399F","PUNERES09DEL03","4.5","Buffet ","electric_scooter ","19"
"1961","HYDRES09DEL02","4.9","Snack ","scooter ","19"
"1F6C","VADRES13DEL03","4.7","Drinks ","scooter ","27"
"9D25","JAPRES17DEL01","3.7","Meal ","scooter ","43"
"A4B5","BANGRES16DEL03","4.3","Snack ","motorcycle ","31"
"766D","CHENRES20DEL02","4.6","Snack ","motorcycle ","21"
"4D1A","MYSRES05DEL03","5","Buffet ","electric_scooter ","23"
"B5A5","JAPRES17DEL01","4.9","Buffet ","scooter ","20"
"72D1","PUNERES07DEL01","4.7","Meal ","motorcycle ","46"
"17D1","MYSRES14DEL02","4.3","Drinks ","motorcycle ","48"
"58B7","SURRES11DEL01","4","Snack ","electric_scooter ","39"
"CC62","KOLRES08DEL01","5","Drinks ","motorcycle ","12"
"4982","VADRES16DEL02","4.5","Drinks ","motorcycle ","29"
"AA7D","MUMRES13DEL01","4.7","Drinks ","scooter ","14"
"3444","MYSRES12DEL02","4.6","Meal ","scooter ","28"
"BFBA","BHPRES010DEL01","4.4","Meal ","motorcycle ","24"
"3CE4","PUNERES11DEL01","4.7","Snack ","motorcycle ","36"
"7B2B","CHENRES06DEL02","4.5","Buffet ","motorcycle ","12"
"3.70E+8","INDORES11DEL03","4.8","Buffet ","motorcycle ","18"
"C641","KOCRES04DEL03","4.5","Drinks ","motorcycle ","29"
"15A5","PUNERES17DEL01","5","Drinks ","electric_scooter ","23"
"D740","LUDHRES19DEL03","4.8","Meal ","motorcycle ","28"
"9DCD","SURRES13DEL03","4.7","Snack ","scooter ","26"
"C22A","AURGRES20DEL01","4.7","Snack ","scooter ","41"
"5CB3","PUNERES05DEL03","4.8","Meal ","scooter ","29"
"D0BB","AGRRES12DEL02","4.6","Buffet ","electric_scooter ","30"
"9903","SURRES06DEL01","4.8","Snack ","motorcycle ","44"
"5A4B","MYSRES15DEL01","4.9","Snack ","motorcycle ","25"
"5F60","MUMRES11DEL03","4.5","Buffet ","motorcycle ","20"
"6EC1","COIMBRES06DEL02","4.9","Meal ","scooter ","23"
"6.00E+62","SURRES20DEL01","5","Drinks ","motorcycle ","37"
"4985","PUNERES09DEL03","4.4","Meal ","scooter ","44"
"5BA6","INDORES07DEL02","4.6","Buffet ","scooter ","34"
"2300","PUNERES15DEL03","4.6","Snack ","motorcycle ","53"
"3C50","MUMRES11DEL01","5","Meal ","scooter ","16"
"3.00E+72","MYSRES11DEL01","4.8","Buffet ","motorcycle ","11"
"563C","COIMBRES06DEL03","4.6","Meal ","motorcycle ","17"
"4794","MYSRES11DEL01","3.7","Snack ","scooter ","31"
"CACF","ALHRES20DEL02","4.1","Buffet ","motorcycle ","33"
"A0F9","RANCHIRES09DEL03","4.9","Meal ","scooter ","20"
"9C57","HYDRES08DEL01","4.1","Drinks ","scooter ","37"
"3580","COIMBRES02DEL02","4.8","Snack ","scooter ","26"
"DC8A","KOCRES14DEL01","4","Buffet ","motorcycle ","45"
"A57A","MUMRES17DEL01","5","Meal ","motorcycle ","25"
"D8CB","AURGRES18DEL01","4.9","Drinks ","scooter ","16"
"B464","CHENRES12DEL03","5","Drinks ","motorcycle ","33"
"8429","COIMBRES06DEL03","4.9","Meal ","motorcycle ","34"
"D84E","ALHRES03DEL03","4.2","Snack ","motorcycle ","34"
"CACC","AURGRES16DEL01","4.8","Snack ","motorcycle ","23"
"C228","AGRRES12DEL03","4.6","Snack ","scooter ","21"
"A48A","CHENRES05DEL01","4.7","Snack ","electric_scooter ","23"
"D6D4","KOLRES12DEL03","4.7","Snack ","motorcycle ","20"
"DAA4","KNPRES05DEL03","4.9","Meal ","scooter ","44"
"CC51","AURGRES02DEL02","5","Meal ","scooter ","24"
"25B8","COIMBRES12DEL03","4.8","Meal ","scooter ","28"
"9C11","INDORES06DEL02","4.5","Drinks ","motorcycle ","17"
"3592","INDORES14DEL02","3.6","Snack ","electric_scooter ","43"
"8DF7","MUMRES05DEL03","4","Snack ","motorcycle ","37"
"4F19","MUMRES09DEL01","4.8","Buffet ","scooter ","25"
"C5BB","KNPRES08DEL03","4.3","Buffet ","scooter ","37"
"A4CB","RANCHIRES13DEL02","4.8","Buffet ","motorcycle ","28"
"3491","PUNERES08DEL03","4.8","Meal ","electric_scooter ","18"
"1.70E+2","BANGRES07DEL02","4.7","Drinks ","motorcycle ","35"
"5B71","HYDRES13DEL03","4.1","Buffet ","motorcycle ","25"
"972B","JAPRES09DEL02","4.8","Drinks ","motorcycle ","31"
"5ED2","SURRES14DEL02","4","Drinks ","motorcycle ","16"
"722F","PUNERES17DEL02","4.8","Meal ","scooter ","17"
"2140","MUMRES04DEL02","5","Meal ","motorcycle ","18"
"8533","INDORES11DEL01","4.6","Buffet ","motorcycle ","20"
"37C1","MYSRES01DEL03","4.2","Drinks ","electric_scooter ","31"
"52D2","INDORES13DEL02","4.5","Buffet ","scooter ","16"
"671B","PUNERES07DEL01","4.1","Drinks ","motorcycle ","39"
"46BD","MYSRES05DEL03","4.8","Drinks ","scooter ","15"
"A328","INDORES06DEL03","4.4","Snack ","motorcycle ","40"
"D746","ALHRES15DEL03","4","Snack ","motorcycle ","34"
"42A3","SURRES04DEL01","4.7","Drinks ","motorcycle ","21"
"431","JAPRES02DEL01","4.6","Snack ","electric_scooter ","37"
"B1B","VADRES02DEL01","5","Meal ","electric_scooter ","28"
"86EA","COIMBRES19DEL02","4.6","Buffet ","motorcycle ","21"
"2FC4","COIMBRES010DEL01","4.1","Drinks ","motorcycle ","33"
"D06E","AGRRES14DEL03","4.6","Meal ","scooter ","21"
"48ED","PUNERES04DEL02","4.5","Buffet ","motorcycle ","30"
"28C4","HYDRES20DEL02","4.7","Drinks ","motorcycle ","22"
"5D7F","COIMBRES08DEL01","3.5","Drinks ","scooter ","39"
"C6DF","KOCRES03DEL03","4.6","Buffet ","motorcycle ","45"
"74B7","SURRES17DEL03","4.8","Drinks ","motorcycle ","18"
"B3A3","PUNERES09DEL03","4.2","Drinks ","motorcycle ","34"
"4B7D","SURRES12DEL02","4.9","Buffet ","motorcycle ","22"
"96DD","HYDRES010DEL02","4.6","Drinks ","scooter ","29"
"512D","VADRES19DEL01","4.5","Drinks ","scooter ","26"
"3846","MYSRES08DEL01","4.3","Snack ","motorcycle ","34"
"335E","COIMBRES04DEL02","5","Snack ","motorcycle ","39"
"1B1A","MUMRES11DEL01","4.6","Drinks ","motorcycle ","18"
"7217","VADRES20DEL03","5","Buffet ","motorcycle ","37"
"6.70E+2","MUMRES010DEL03","4.1","Drinks ","motorcycle ","23"
"730B","HYDRES01DEL03","4.8","Drinks ","scooter ","29"
"A9B7","RANCHIRES01DEL03","4.6","Snack ","motorcycle ","18"
"57B0","RANCHIRES18DEL02","4.9","Buffet ","motorcycle ","41"
"1A59","SURRES20DEL01","4.8","Buffet ","motorcycle ","36"
"B0F0","PUNERES01DEL01","5","Buffet ","motorcycle ","30"
"13A3","MUMRES20DEL03","4.6","Snack ","scooter ","29"
"DBCE","ALHRES20DEL03","4.4","Buffet ","motorcycle ","32"
"4844","RANCHIRES06DEL03","4.6","Snack ","electric_scooter ","16"
"26F6","SURRES04DEL02","4.9","Meal ","motorcycle ","22"
"9AF1","SURRES08DEL03","4.9","Meal ","motorcycle ","17"
"A556","BANGRES12DEL03","3.9","Snack ","scooter ","31"
"5736","MUMRES02DEL02","4.2","Meal ","motorcycle ","23"
"9363","SURRES15DEL01","4.8","Meal ","scooter ","29"
"1349","RANCHIRES09DEL02","4.7","Snack ","motorcycle ","25"
"53BD","COIMBRES18DEL01","4.9","Drinks ","motorcycle ","20"
"483E","PUNERES04DEL02","4.8","Meal ","motorcycle ","23"
"1526","MYSRES12DEL02","2.8","Meal ","electric_scooter ","35"
"B666","HYDRES13DEL01","4.7","Buffet ","scooter ","15"
"CA60","KOCRES19DEL01","4.8","Meal ","motorcycle ","27"
"6B09","MYSRES17DEL02","4.6","Buffet ","scooter ","23"
"1032","MYSRES09DEL02","4.3","Buffet ","motorcycle ","34"
"404F","JAPRES11DEL02","4.7","Buffet ","scooter ","19"
"C133","AGRRES19DEL02","4.6","Meal ","motorcycle ","18"
"D3B6","BHPRES010DEL01","4.5","Drinks ","motorcycle ","42"
"213B","MYSRES05DEL03","5","Meal ","electric_scooter ","47"
"ADF7","INDORES19DEL02","4.9","Meal ","motorcycle ","24"
"9C18","MUMRES04DEL02","4.6","Drinks ","motorcycle ","34"
"2AEE","MUMRES13DEL01","4.9","Drinks ","motorcycle ","24"
"11A2","BANGRES03DEL02","4.8","Buffet ","scooter ","23"
"C83F","AGRRES17DEL03","5","Meal ","motorcycle ","10"
"A050","MUMRES18DEL03","4.6","Snack ","motorcycle ","24"
"C1E2","KNPRES15DEL02","4.8","Snack ","scooter ","30"
"4524","MYSRES08DEL01","4.8","Meal ","scooter ","26"
"4FFC","HYDRES09DEL01","4.9","Buffet ","motorcycle ","36"
"D5BA","ALHRES15DEL01","4.9","Meal ","motorcycle ","28"
"7DEB","MYSRES17DEL03","4.7","Buffet ","motorcycle ","42"
"889B","MYSRES01DEL02","4.9","Meal ","motorcycle ","42"
"912B","MYSRES01DEL01","4.9","Buffet ","scooter ","34"
"A9C3","INDORES12DEL02","4.9","Drinks ","motorcycle ","39"
"28AB","MYSRES17DEL03","4.8","Snack ","scooter ","17"
"186F","JAPRES02DEL01","4.7","Drinks ","motorcycle ","23"
"9B2D","MYSRES05DEL01","5","Meal ","scooter ","30"
"A99A","MYSRES05DEL02","5","Drinks ","motorcycle ","21"
"7CA5","MYSRES16DEL02","5","Buffet ","motorcycle ","32"
"6BE8","CHENRES19DEL03","5","Snack ","motorcycle ","25"
"4126","PUNERES05DEL01","4.6","Buffet ","scooter ","18"
"BB25","HYDRES18DEL02","4.7","Meal ","motorcycle ","25"
"2B26","CHENRES11DEL02","4.1","Buffet ","motorcycle ","36"
"807","MYSRES04DEL01","4.8","Drinks ","motorcycle ","16"
"463A","VADRES15DEL01","4.7","Snack ","motorcycle ","12"
"8.60E+1","INDORES18DEL01","4.9","Snack ","motorcycle ","41"
"9DD","SURRES09DEL02","4.5","Snack ","motorcycle ","17"
"5233","SURRES06DEL01","4.9","Buffet ","scooter ","23"
"D71C","KNPRES14DEL01","4.7","Snack ","motorcycle ","53"
"D3C","HYDRES03DEL03","5","Meal ","motorcycle ","24"
"5AA8","PUNERES15DEL02","4.6","Meal ","motorcycle ","15"
"180A","COIMBRES18DEL03","4.7","Buffet ","motorcycle ","35"
"3B16","CHENRES11DEL03","5","Snack ","motorcycle ","23"
"74CC","CHENRES14DEL02","4.7","Snack ","motorcycle ","19"
"1A08","BANGRES05DEL01","4.4","Snack ","scooter ","33"
"AF6","HYDRES01DEL01","4.6","Meal ","motorcycle ","17"
"BF55","ALHRES05DEL01","4.6","Meal ","electric_scooter ","15"
"4.60E+2","MYSRES07DEL01","4.7","Drinks ","motorcycle ","24"
"78EE","COIMBRES010DEL01","4.8","Meal ","motorcycle ","28"
"D88A","BHPRES010DEL02","4.8","Buffet ","motorcycle ","23"
"A7C","MUMRES12DEL01","4.8","Buffet ","scooter ","19"
"CD05","KNPRES20DEL02","4.5","Meal ","motorcycle ","19"
"F82","RANCHIRES01DEL02","4.3","Snack ","motorcycle ","24"
"C111","GOARES12DEL01","4.6","Drinks ","electric_scooter ","14"
"7756","MYSRES18DEL01","4.6","Snack ","scooter ","44"
"9F3F","INDORES17DEL01","4.7","Snack ","scooter ","29"
"4439","CHENRES02DEL03","4.8","Meal ","scooter ","36"
"5D5","PUNERES07DEL03","4.6","Buffet ","electric_scooter ","18"
"65FC","RANCHIRES05DEL02","4.7","Buffet ","electric_scooter ","26"
"A5C0","MUMRES06DEL02","4.7","Meal ","scooter ","30"
"2CDA","BANGRES12DEL02","5","Drinks ","electric_scooter ","18"
"7353","RANCHIRES18DEL03","4.6","Snack ","motorcycle ","31"
"55D6","COIMBRES12DEL02","4.7","Snack ","motorcycle ","11"
"8.30E+8","RANCHIRES20DEL02","4.5","Drinks ","electric_scooter ","19"
"1B72","SURRES17DEL03","4.6","Drinks ","scooter ","38"
"5F2D","INDORES06DEL01","4.7","Buffet ","scooter ","27"
"A02E","MYSRES15DEL02","4.9","Buffet ","scooter ","32"
"79AF","SURRES13DEL01","4.8","Drinks ","scooter ","29"
"7C64","MUMRES14DEL01","4.9","Meal ","motorcycle ","29"
"CE51","AURGRES16DEL02","4.2","Meal ","electric_scooter ","43"
"6F3B","RANCHIRES15DEL01","4.9","Meal ","motorcycle ","11"
"5C89","MYSRES03DEL02","4.2","Buffet ","scooter ","37"
"950","VADRES20DEL01","4.6","Snack ","motorcycle ","19"
"A2B5","INDORES04DEL01","4.9","Buffet ","motorcycle ","14"
"6C7B","MYSRES010DEL02","4.9","Meal ","scooter ","28"
"5587","HYDRES05DEL03","5","Meal ","scooter ","28"
"6EFE","PUNERES05DEL01","4.9","Drinks ","scooter ","12"
"5EB1","COIMBRES01DEL01","4.8","Drinks ","motorcycle ","24"
"58D1","SURRES06DEL01","4.7","Drinks ","motorcycle ","22"
"E281","BHPRES01DEL01","4.4","Buffet ","motorcycle ","18"
"5.00E+6","MUMRES06DEL01","4.8","Buffet ","motorcycle ","30"
"AF6D","HYDRES08DEL02","4.7","Meal ","scooter ","33"
"83A9","VADRES010DEL02","4.8","Drinks ","electric_scooter ","29"
"8DDE","JAPRES06DEL01","4.6","Snack ","electric_scooter ","17"
"3EE6","BANGRES09DEL02","4.8","Meal ","motorcycle ","25"
"7467","COIMBRES06DEL02","4.9","Snack ","motorcycle ","10"
"D13F","KNPRES05DEL03","4.8","Snack ","scooter ","30"
"E8A","JAPRES11DEL02","4.9","Drinks ","scooter ","25"
"2ECB","INDORES16DEL03","4.4","Snack ","scooter ","33"
"5274","RANCHIRES13DEL01","4.8","Snack ","electric_scooter ","30"
"48D8","BANGRES09DEL03","4.7","Snack ","scooter ","15"
"56EB","VADRES20DEL01","4.9","Buffet ","scooter ","15"
"3.00E+35","CHENRES07DEL01","4.7","Drinks ","scooter ","25"
"7.50E+1","PUNERES18DEL02","4.1","Drinks ","motorcycle ","33"
"BF92","KOCRES010DEL02","4.6","Drinks ","motorcycle ","37"
"191A","SURRES17DEL02","4.8","Meal ","motorcycle ","42"
"34FB","MUMRES04DEL01","4.4","Snack ","motorcycle ","34"
"8717","COIMBRES11DEL02","4.8","Meal ","scooter ","10"
"939B","COIMBRES20DEL01","4.6","Meal ","motorcycle ","18"
"219F","CHENRES16DEL01","4.9","Meal ","scooter ","18"
"6.80E+1","JAPRES08DEL02","4","Buffet ","motorcycle ","39"
"93DF","PUNERES16DEL02","4.2","Snack ","scooter ","38"
"5CC4","CHENRES04DEL03","4.6","Snack ","motorcycle ","18"
"7A72","RANCHIRES18DEL03","4.7","Meal ","scooter ","17"
"7.00E+85","MUMRES15DEL03","3.1","Meal ","scooter ","33"
"BEEC","MYSRES17DEL02","4.6","Snack ","motorcycle ","29"
"31AB","COIMBRES16DEL02","5","Snack ","motorcycle ","30"
"3CBB","VADRES16DEL02","4.4","Drinks ","motorcycle ","37"
"6.00E+1","BANGRES07DEL02","4.5","Snack ","motorcycle ","28"
"273E","VADRES15DEL02","4.5","Snack ","motorcycle ","17"
"C6B8","KNPRES13DEL01","4.1","Snack ","motorcycle ","30"
"BFE4","GOARES03DEL03","4.9","Buffet ","scooter ","15"
"136A","SURRES02DEL01","4.7","Drinks ","scooter ","29"
"7.10E+10","INDORES13DEL01","4.7","Snack ","scooter ","38"
"1EF2","JAPRES04DEL01","4.5","Buffet ","motorcycle ","24"
"A6B3","JAPRES18DEL01","4.7","Snack ","electric_scooter ","28"
"67C","INDORES08DEL01","4.6","Snack ","motorcycle ","33"
"9.00E+20","CHENRES18DEL02","5","Drinks ","scooter ","17"
"C75A","KOCRES20DEL03","4.9","Buffet ","scooter ","20"
"7F85","MYSRES07DEL03","4.4","Snack ","scooter ","31"
"6610","MYSRES13DEL01","4.9","Drinks ","motorcycle ","21"
"4846","HYDRES09DEL03","4.9","Snack ","scooter ","28"
"48EF","COIMBRES04DEL03","4.5","Drinks ","motorcycle ","28"
"CCC9","KOCRES16DEL02","4.8","Snack ","motorcycle ","23"
"20A6","INDORES06DEL02","5","Buffet ","motorcycle ","15"
"4971","JAPRES12DEL01","4.7","Meal ","motorcycle ","21"
"7527","MUMRES08DEL02","5","Buffet ","motorcycle ","28"
"6.00E+7","MYSRES15DEL01","4.8","Drinks ","motorcycle ","21"
"858A","HYDRES04DEL02","4.7","Snack ","motorcycle ","36"
"9D82","MYSRES13DEL03","4.1","Meal ","motorcycle ","15"
"BA81","BANGRES01DEL01","2.6","Buffet ","scooter ","44"
"B267","VADRES03DEL03","4.9","Drinks ","motorcycle ","10"
"899D","COIMBRES010DEL01","4.7","Drinks ","scooter ","25"
"D51","SURRES03DEL01","4.6","Snack ","electric_scooter ","42"
"510","COIMBRES02DEL03","4.6","Buffet ","scooter ","20"
"81DC","VADRES04DEL03","4.3","Drinks ","motorcycle ","31"
"4B60","RANCHIRES07DEL01","4.7","Meal ","motorcycle ","18"
"2164","VADRES13DEL02","4.9","Drinks ","motorcycle ","28"
"22EE","CHENRES05DEL02","4.3","Buffet ","motorcycle ","42"
"517F","VADRES15DEL01","4.1","Snack ","electric_scooter ","34"
"4861","COIMBRES16DEL01","4.7","Drinks ","electric_scooter ","26"
"BEAF","SURRES13DEL03","4.7","Buffet ","electric_scooter ","25"
"1A85","MYSRES07DEL01","4.6","Meal ","scooter ","25"
"DC53","GOARES01DEL01","4.7","Drinks ","motorcycle ","21"
"76C5","CHENRES04DEL02","4.2","Snack ","motorcycle ","38"
"C998","LUDHRES12DEL01","4.7","Buffet ","motorcycle ","15"
"D797","DEHRES19DEL01","4.3","Drinks ","motorcycle ","33"
"A0BA","RANCHIRES09DEL03","4.6","Buffet ","motorcycle ","12"
"1D81","INDORES11DEL02","4.8","Drinks ","motorcycle ","18"
"CCFF","LUDHRES05DEL01","4.7","Meal ","motorcycle ","37"
"606F","MUMRES11DEL03","4.6","Meal ","motorcycle ","33"
"9685","HYDRES20DEL01","4.9","Snack ","motorcycle ","22"
"7.50E+6","CHENRES03DEL01","4","Drinks ","motorcycle ","31"
"BB37","INDORES11DEL01","4.8","Buffet ","electric_scooter ","17"
"541E","MUMRES05DEL02","4.9","Meal ","motorcycle ","15"
"6B13","VADRES07DEL03","4.7","Buffet ","motorcycle ","24"
"9A44","BANGRES06DEL03","4.5","Buffet ","motorcycle ","17"
"AA67","COIMBRES04DEL03","4.6","Buffet ","scooter ","18"
"E182","AGRRES17DEL03","4.5","Buffet ","scooter ","18"
"298E","PUNERES01DEL03","5","Buffet ","scooter ","32"
"7AC4","PUNERES08DEL02","4.9","Buffet ","scooter ","43"
"7BD0","MYSRES07DEL01","4.7","Meal ","motorcycle ","16"
"243C","MUMRES16DEL02","5","Drinks ","electric_scooter ","13"
"39CB","INDORES12DEL01","4.6","Buffet ","scooter ","25"
"C87C","BHPRES03DEL03","4.7","Snack ","motorcycle ","29"
"24A5","COIMBRES15DEL01","3.2","Buffet ","motorcycle ","44"
"B31A","SURRES13DEL03","4.3","Meal ","motorcycle ","32"
"F2E","CHENRES16DEL03","4.8","Buffet ","scooter ","18"
"B43","SURRES04DEL01","4.5","Drinks ","scooter ","15"
"1446","SURRES13DEL03","3.5","Drinks ","motorcycle ","41"
"C112","GOARES07DEL03","4.6","Meal ","scooter ","34"
"D9D2","KNPRES03DEL03","4.6","Drinks ","motorcycle ","31"
"9.40E+7","INDORES02DEL02","3.8","Drinks ","scooter ","41"
"D096","KOCRES04DEL03","4.8","Buffet ","motorcycle ","21"
"7B4D","MUMRES01DEL01","4.6","Snack ","electric_scooter ","29"
"666A","SURRES08DEL03","4","Meal ","scooter ","42"
"A60D","HYDRES19DEL01","5","Buffet ","motorcycle ","34"
"43DF","COIMBRES11DEL02","4.5","Drinks ","motorcycle ","29"
"21B6","SURRES07DEL01","4.9","Meal ","electric_scooter ","19"
"1681","MUMRES05DEL01","4.8","Drinks ","electric_scooter ","20"
"E8B","SURRES03DEL01","4.6","Buffet ","scooter ","31"
"2A84","CHENRES09DEL01","4.8","Meal ","motorcycle ","23"
"B6D6","MUMRES18DEL02","4.7","Snack ","scooter ","25"
"45D5","HYDRES05DEL02","4.6","Drinks ","motorcycle ","19"
"9.10E+9","CHENRES010DEL01","5","Buffet ","motorcycle ","22"
"5485","VADRES04DEL03","4.7","Buffet ","scooter ","17"
"5.00E+94","CHENRES14DEL03","4.5","Buffet ","motorcycle ","28"
"899F","RANCHIRES02DEL03","4.5","Snack ","motorcycle ","28"
"5D8","COIMBRES010DEL03","4.6","Meal ","scooter ","11"
"A778","PUNERES15DEL02","4.7","Snack ","motorcycle ","29"
"B198","PUNERES16DEL02","4.9","Drinks ","scooter ","26"
"1390","BANGRES14DEL02","4.6","Drinks ","scooter ","29"
"8CD7","HYDRES08DEL03","4.9","Meal ","scooter ","15"
"4C7E","CHENRES02DEL02","4.7","Buffet ","scooter ","16"
"25B7","RANCHIRES15DEL01","4.6","Snack ","motorcycle ","17"
"22CF","JAPRES19DEL02","5","Drinks ","motorcycle ","31"
"32B6","BANGRES03DEL03","4.6","Snack ","scooter ","27"
"A7AD","MUMRES09DEL03","4.8","Snack ","electric_scooter ","23"
"85A4","INDORES16DEL01","4.9","Drinks ","electric_scooter ","25"
"AC04","MUMRES16DEL03","4.9","Drinks ","scooter ","16"
"7466","CHENRES010DEL02","4.8","Drinks ","electric_scooter ","19"
"7DFA","HYDRES12DEL02","4.6","Drinks ","scooter ","31"
"259E","HYDRES04DEL02","4","Meal ","motorcycle ","31"
"8688","INDORES05DEL01","3.9","Snack ","electric_scooter ","43"
"6.70E+4","INDORES14DEL01","4.8","Meal ","motorcycle ","27"
"89BE","INDORES13DEL01","4.6","Snack ","motorcycle ","24"
"9851","MUMRES14DEL01","4.9","Drinks ","motorcycle ","42"
"DEA0","KNPRES010DEL01","4.7","Snack ","motorcycle ","18"
"D77B","GOARES09DEL01","4.9","Buffet ","scooter ","15"
"9875","HYDRES06DEL01","4.6","Snack ","scooter ","17"
"B1C8","HYDRES16DEL02","4.8","Snack ","motorcycle ","10"
"928F","MUMRES20DEL03","4.8","Buffet ","motorcycle ","21"
"E56","INDORES07DEL01","4.6","Drinks ","scooter ","27"
"46DC","BANGRES02DEL03","4.4","Meal ","scooter ","37"
"C0B","SURRES010DEL02","4.9","Snack ","motorcycle ","30"
"8438","INDORES01DEL01","4.5","Buffet ","motorcycle ","28"
"BA73","MUMRES09DEL01","4.8","Buffet ","electric_scooter ","17"
"BFED","KOLRES14DEL03","4.9","Snack ","scooter ","17"
"5D73","SURRES05DEL01","4.7","Meal ","motorcycle ","29"
"A9C8","SURRES16DEL03","4.8","Drinks ","scooter ","16"
"6D44","RANCHIRES13DEL01","4.1","Drinks ","motorcycle ","18"
"D11B","KOLRES03DEL01","4.9","Buffet ","motorcycle ","23"
"1D94","MYSRES17DEL02","4.6","Snack ","scooter ","16"
"3B3E","INDORES14DEL02","4.6","Meal ","motorcycle ","48"
"8601","PUNERES07DEL01","4.2","Meal ","motorcycle ","26"
"3847","BANGRES15DEL01","4.7","Buffet ","scooter ","10"
"5618","MUMRES18DEL01","4.4","Drinks ","motorcycle ","16"
"866E","JAPRES17DEL01","4.5","Drinks ","scooter ","10"
"5109","PUNERES03DEL01","4.9","Meal ","motorcycle ","49"
"BCCF","MUMRES18DEL03","4.1","Meal ","motorcycle ","45"
"34AA","MUMRES19DEL02","4.8","Snack ","scooter ","20"
"4C72","CHENRES02DEL01","5","Buffet ","motorcycle ","15"
"900D","MUMRES15DEL01","4.5","Snack ","motorcycle ","19"
"DE40","KOLRES09DEL02","4.7","Drinks ","scooter ","29"
"D64E","GOARES04DEL01","4.7","Meal ","scooter ","21"
"5.00E+43","BANGRES05DEL03","4.6","Snack ","scooter ","18"
"6DDE","JAPRES11DEL02","4.9","Meal ","scooter ","15"
"2980","MUMRES11DEL01","4.6","Meal ","motorcycle ","25"
"6337","PUNERES08DEL01","4.9","Meal ","motorcycle ","19"
"CEB6","ALHRES13DEL02","4.7","Buffet ","motorcycle ","30"
"D748","AGRRES010DEL03","4.6","Drinks ","motorcycle ","27"
"2393","BANGRES03DEL02","4.1","Buffet ","motorcycle ","36"
"7C66","JAPRES11DEL01","4.2","Snack ","motorcycle ","47"
"2534","RANCHIRES05DEL02","4.7","Buffet ","electric_scooter ","24"
"8FBE","COIMBRES010DEL01","3.7","Snack ","scooter ","44"
"C1E","HYDRES05DEL02","4.5","Meal ","motorcycle ","11"
"A93A","RANCHIRES20DEL02","4.9","Buffet ","motorcycle ","10"
"251A","VADRES01DEL02","4.6","Meal ","motorcycle ","12"
"9FD1","SURRES20DEL01","4.8","Snack ","scooter ","21"
"408A","COIMBRES09DEL02","5","Buffet ","motorcycle ","26"
"6BDA","RANCHIRES19DEL01","4.2","Meal ","motorcycle ","44"
"931B","MUMRES18DEL02","4.6","Meal ","motorcycle ","41"
"C0E9","LUDHRES16DEL01","3.9","Buffet ","scooter ","32"
"5B76","RANCHIRES16DEL03","4.9","Meal ","motorcycle ","28"
"BB3","CHENRES15DEL03","1","Drinks ","scooter ","27"
"6F70","COIMBRES02DEL01","4.5","Buffet ","scooter ","19"
"D767","KOCRES07DEL01","4.6","Meal ","motorcycle ","24"
"514E","COIMBRES14DEL02","4","Drinks ","motorcycle ","35"
"AE0A","MYSRES15DEL01","4.2","Meal ","motorcycle ","34"
"5894","MUMRES13DEL02","4.5","Snack ","scooter ","15"
"635B","JAPRES17DEL03","4.6","Meal ","scooter ","25"
"A27C","SURRES14DEL03","4.8","Buffet ","scooter ","29"
"748A","JAPRES07DEL02","5","Snack ","motorcycle ","41"
"DB82","AGRRES05DEL03","4.7","Meal ","motorcycle ","36"
"1725","RANCHIRES20DEL03","4.7","Buffet ","motorcycle ","29"
"9757","CHENRES03DEL02","4.4","Snack ","motorcycle ","31"
"7C4C","MUMRES11DEL03","4.9","Meal ","scooter ","26"
"6079","VADRES09DEL01","4.6","Snack ","scooter ","20"
"E080","AGRRES06DEL01","5","Meal ","motorcycle ","18"
"28B6","MUMRES02DEL02","4.1","Meal ","motorcycle ","32"
"AD77","MYSRES03DEL03","4.7","Buffet ","scooter ","23"
"F8A","PUNERES05DEL01","5","Drinks ","motorcycle ","27"
"439B","VADRES19DEL02","4.6","Buffet ","scooter ","15"
"2831","COIMBRES09DEL03","4.7","Meal ","motorcycle ","25"
"11DD","SURRES13DEL01","4.6","Snack ","scooter ","26"
"20B4","RANCHIRES010DEL02","5","Snack ","motorcycle ","17"
"E06","INDORES06DEL01","4.8","Meal ","scooter ","26"
"15CA","SURRES13DEL02","4.7","Meal ","scooter ","38"
"843","INDORES02DEL03","4.4","Snack ","motorcycle ","42"
"FF8","HYDRES12DEL01","4.8","Buffet ","scooter ","18"
"1172","JAPRES09DEL02","4.6","Snack ","scooter ","14"
"148D","VADRES14DEL01","4.8","Meal ","electric_scooter ","20"
"4F6D","HYDRES20DEL01","4.8","Drinks ","motorcycle ","11"
"CBCB","KOLRES16DEL03","4.9","Snack ","motorcycle ","24"
"6F28","JAPRES19DEL02","4.8","Buffet ","scooter ","21"
"5FEB","MUMRES04DEL02","4.9","Drinks ","scooter ","13"
"CDD9","LUDHRES09DEL02","4.8","Buffet ","scooter ","28"
"60C4","MUMRES02DEL01","5","Drinks ","motorcycle ","19"
"1855","MUMRES06DEL03","4.9","Snack ","scooter ","33"
"37B6","VADRES01DEL01","4.1","Buffet ","motorcycle ","33"
"5778","INDORES010DEL02","4.8","Buffet ","motorcycle ","40"
"B366","JAPRES14DEL03","4.9","Drinks ","motorcycle ","42"
"A410","RANCHIRES18DEL03","4.6","Buffet ","motorcycle ","27"
"58EF","RANCHIRES010DEL02","4.9","Meal ","motorcycle ","26"
"3.00E+59","HYDRES20DEL01","4.7","Drinks ","motorcycle ","19"
"2D13","MYSRES02DEL02","3.5","Snack ","motorcycle ","32"
"A1B0","PUNERES18DEL02","4.2","Drinks ","motorcycle ","23"
"C1ED","LUDHRES06DEL01","4.2","Meal ","motorcycle ","42"
"672B","SURRES010DEL02","4.6","Meal ","motorcycle ","26"
"3C79","RANCHIRES19DEL01","4.7","Drinks ","motorcycle ","13"
"1F59","MYSRES13DEL03","4.5","Meal ","motorcycle ","21"
"74B1","CHENRES13DEL01","5","Buffet ","electric_scooter ","28"
"707","COIMBRES19DEL01","4.6","Buffet ","electric_scooter ","21"
"C53F","AURGRES14DEL01","4.3","Buffet ","motorcycle ","26"
"BE52","HYDRES010DEL01","4.9","Drinks ","electric_scooter ","16"
"593","JAPRES13DEL02","4.6","Snack ","motorcycle ","18"
"AC9E","HYDRES16DEL01","4.2","Snack ","motorcycle ","37"
"DE83","ALHRES12DEL03","3.8","Snack ","motorcycle ","33"
"46D1","MYSRES12DEL01","4.6","Buffet ","motorcycle ","21"
"A2C6","SURRES010DEL03","4.4","Snack ","electric_scooter ","34"
"E073","KOCRES13DEL03","4.6","Drinks ","motorcycle ","45"
"3252","HYDRES03DEL01","4.9","Meal ","scooter ","16"
"6DD2","JAPRES09DEL01","4.8","Snack ","motorcycle ","45"
"3B50","MUMRES14DEL02","4.9","Snack ","motorcycle ","27"
"CD44","KOLRES03DEL01","4.8","Meal ","motorcycle ","21"
"CB59","AGRRES05DEL01","5","Snack ","scooter ","41"
"957","PUNERES17DEL03","4.6","Meal ","motorcycle ","30"
"8903","MYSRES12DEL02","4.7","Snack ","electric_scooter ","23"
"BA24","VADRES010DEL03","4","Drinks ","motorcycle ","31"
"B918","RANCHIRES19DEL02","4.8","Drinks ","motorcycle ","20"
"DEE7","LUDHRES15DEL03","4.4","Buffet ","motorcycle ","42"
"30D2","INDORES19DEL02","5","Snack ","scooter ","38"
"21BA","VADRES010DEL02","5","Snack ","motorcycle ","38"
"C432","GOARES12DEL03","4.2","Buffet ","motorcycle ","37"
"5023","BANGRES13DEL02","5","Buffet ","scooter ","26"
"7CF6","CHENRES07DEL02","4","Snack ","motorcycle ","41"
"C39A","DEHRES11DEL02","5","Snack ","motorcycle ","22"
"84D0","VADRES12DEL01","4.9","Buffet ","motorcycle ","22"
"4060","RANCHIRES010DEL03","4.8","Buffet ","motorcycle ","15"
"7D11","VADRES17DEL02","4.8","Snack ","electric_scooter ","21"
"7314","HYDRES05DEL03","4.8","Snack ","motorcycle ","22"
"856E","RANCHIRES17DEL01","5","Meal ","motorcycle ","18"
"BDAA","SURRES08DEL02","5","Meal ","motorcycle ","15"
"D53F","ALHRES06DEL03","4.9","Drinks ","motorcycle ","23"
"9D1A","VADRES01DEL02","4.7","Snack ","motorcycle ","22"
"2.00E+8","COIMBRES20DEL01","4.9","Buffet ","scooter ","25"
"D61C","AGRRES03DEL01","4.3","Drinks ","scooter ","41"
"DEDC","KOLRES02DEL02","5","Meal ","scooter ","27"
"139F","BANGRES19DEL03","4.6","Buffet ","scooter ","34"
"1291","JAPRES06DEL01","4.7","Snack ","scooter ","19"
"B28A","MYSRES20DEL01","4.6","Drinks ","motorcycle ","54"
"9.80E+2","INDORES04DEL01","4.6","Drinks ","scooter ","18"
"6125","SURRES17DEL01","4.8","Buffet ","motorcycle ","20"
"B71C","COIMBRES16DEL02","4.9","Drinks ","motorcycle ","37"
"4AB5","HYDRES15DEL02","4.6","Drinks ","motorcycle ","21"
"C103","AGRRES14DEL01","4.9","Snack ","scooter ","33"
"1ECC","SURRES15DEL01","4.6","Snack ","scooter ","37"
"3.30E+9","PUNERES18DEL01","4.7","Buffet ","scooter ","25"
"76A6","INDORES010DEL03","4.9","Snack ","motorcycle ","21"
"488D","BANGRES03DEL02","4.3","Drinks ","scooter ","39"
"58C8","MUMRES04DEL02","4.9","Snack ","motorcycle ","20"
"22C6","RANCHIRES08DEL02","4","Drinks ","motorcycle ","26"
"5E3B","VADRES19DEL03","4.3","Drinks ","scooter ","31"
"C4D2","KNPRES18DEL01","4.9","Drinks ","motorcycle ","25"
"A400","COIMBRES05DEL01","4.9","Meal ","scooter ","32"
"2B2B","HYDRES01DEL01","4.8","Snack ","motorcycle ","25"
"B060","PUNERES11DEL01","5","Meal ","motorcycle ","19"
"1313","CHENRES14DEL01","4.8","Drinks ","motorcycle ","14"
"9524","SURRES09DEL01","4","Meal ","scooter ","33"
"CF2","MUMRES03DEL03","4.6","Meal ","motorcycle ","29"
"8435","PUNERES01DEL03","4.8","Buffet ","motorcycle ","28"
"6333","SURRES18DEL03","4.6","Drinks ","motorcycle ","24"
"8896","INDORES09DEL01","4.9","Buffet ","motorcycle ","20"
"C1DE","AGRRES02DEL02","4.3","Drinks ","motorcycle ","38"
"8ED1","JAPRES06DEL01","4.7","Snack ","motorcycle ","43"
"B3FF","MYSRES14DEL03","4.6","Snack ","motorcycle ","18"
"5BFF","MYSRES02DEL02","4.6","Buffet ","motorcycle ","21"
"5.30E+7","CHENRES16DEL02","4.9","Buffet ","electric_scooter ","27"
"9877","BANGRES14DEL02","3.2","Drinks ","scooter ","31"
"9FBE","INDORES20DEL02","4.7","Buffet ","scooter ","17"
"CCE6","AURGRES16DEL02","4.7","Drinks ","scooter ","21"
"9.60E+4","INDORES010DEL02","4","Buffet ","motorcycle ","34"
"599E","PUNERES17DEL03","4.3","Buffet ","motorcycle ","31"
"39AD","MUMRES08DEL02","4.8","Buffet ","motorcycle ","17"
"A42D","SURRES20DEL02","4.3","Buffet ","scooter ","32"
"DEAD","BHPRES17DEL01","4.6","Snack ","motorcycle ","19"
"7342","PUNERES08DEL03","4.9","Meal ","motorcycle ","29"
"50D1","VADRES03DEL03","4.8","Buffet ","scooter ","15"
"94EB","SURRES13DEL02","4.8","Snack ","motorcycle ","17"
"D22C","ALHRES02DEL03","4.8","Drinks ","motorcycle ","28"
"65A3","MUMRES05DEL01","4.6","Snack ","motorcycle ","33"
"A964","COIMBRES16DEL01","4.5","Buffet ","motorcycle ","16"
"C509","KNPRES18DEL01","4.8","Meal ","motorcycle ","24"
"4.60E+9","BANGRES19DEL02","5","Drinks ","motorcycle ","21"
"75FC","JAPRES18DEL03","4.4","Buffet ","motorcycle ","42"
"E000","BHPRES11DEL02","4","Meal ","electric_scooter ","34"
"8974","MYSRES02DEL02","4.3","Buffet ","motorcycle ","31"
"983D","MYSRES05DEL02","4.7","Drinks ","motorcycle ","23"
"8BA","MYSRES17DEL02","4.6","Snack ","electric_scooter ","26"
"BD8C","MYSRES03DEL02","4.5","Drinks ","motorcycle ","10"
"4A95","JAPRES05DEL02","4.1","Buffet ","motorcycle ","21"
"D54D","KOCRES17DEL01","4.8","Meal ","scooter ","29"
"280F","JAPRES07DEL03","4.8","Drinks ","motorcycle ","40"
"759E","PUNERES15DEL02","4.7","Snack ","motorcycle ","15"
"BD56","INDORES19DEL01","4.1","Drinks ","electric_scooter ","31"
"8D00","VADRES01DEL01","4.7","Drinks ","scooter ","15"
"DBB2","KNPRES11DEL01","4.8","Drinks ","scooter ","16"
"9471","MYSRES03DEL02","4.6","Meal ","motorcycle ","35"
"694","RANCHIRES09DEL02","6","Meal ","electric_scooter ","20"
"5E8A","VADRES08DEL02","5","Buffet ","motorcycle ","15"
"622E","MUMRES13DEL02","4.6","Meal ","motorcycle ","30"
"584C","PUNERES05DEL02","4.9","Drinks ","motorcycle ","28"
"52B1","COIMBRES12DEL01","5","Drinks ","scooter ","14"
"B482","VADRES11DEL02","4.9","Meal ","scooter ","16"
"BCC","RANCHIRES20DEL01","4.6","Meal ","scooter ","23"
"9A8A","MYSRES12DEL03","5","Drinks ","scooter ","49"
"2.60E+2","VADRES02DEL01","4.7","Snack ","scooter ","16"
"C8B4","AURGRES20DEL01","4.9","Drinks ","motorcycle ","25"
"6617","PUNERES15DEL01","4.2","Buffet ","motorcycle ","24"
"A704","PUNERES20DEL02","4.6","Drinks ","motorcycle ","31"
"77FD","JAPRES07DEL03","4.7","Buffet ","motorcycle ","28"
"AE04","PUNERES11DEL01","4.7","Snack ","scooter ","29"
"859D","JAPRES02DEL03","4.6","Snack ","motorcycle ","49"
"CF54","KOCRES15DEL03","4.7","Buffet ","motorcycle ","21"
"6AF4","MUMRES06DEL03","4.6","Buffet ","motorcycle ","19"
"BBF0","COIMBRES04DEL03","4.5","Buffet ","electric_scooter ","27"
"DF45","KOCRES08DEL01","4.3","Buffet ","motorcycle ","34"
"7DDA","BANGRES14DEL03","3.5","Drinks ","scooter ","33"
"421E","RANCHIRES17DEL03","5","Meal ","motorcycle ","49"
"9D07","PUNERES02DEL02","4.9","Meal ","motorcycle ","22"
"2599","JAPRES03DEL01","4.8","Meal ","electric_scooter ","27"
"65F8","SURRES01DEL02","5","Drinks ","motorcycle ","25"
"4EAE","RANCHIRES05DEL02","4.2","Buffet ","motorcycle ","36"
"7FE4","RANCHIRES20DEL01","4.8","Buffet ","motorcycle ","27"
"44A3","JAPRES09DEL03","4.5","Buffet ","motorcycle ","20"
"B948","MYSRES06DEL01","4.4","Meal ","motorcycle ","24"
"CF2C","LUDHRES15DEL02","4.8","Drinks ","motorcycle ","12"
"88F4","PUNERES20DEL02","4.7","Buffet ","scooter ","34"
"D029","KOLRES17DEL02","4.1","Drinks ","motorcycle ","41"
"2297","MUMRES14DEL01","4.8","Buffet ","scooter ","15"
"DA30","AGRRES18DEL01","4","Buffet ","motorcycle ","48"
"8637","VADRES05DEL02","4.9","Snack ","motorcycle ","10"
"582D","BANGRES15DEL01","4.8","Buffet ","motorcycle ","26"
"97F9","HYDRES08DEL02","4.7","Meal ","motorcycle ","27"
"3DA4","SURRES13DEL01","4.9","Meal ","motorcycle ","15"
"2D40","JAPRES09DEL01","4.6","Drinks ","scooter ","16"
"6C95","MUMRES04DEL01","4.7","Meal ","scooter ","14"
"C49B","AGRRES20DEL01","4.2","Snack ","scooter ","39"
"8924","CHENRES18DEL01","4.1","Snack ","motorcycle ","40"
"430D","COIMBRES02DEL02","5","Buffet ","scooter ","29"
"2DC3","MUMRES15DEL02","4.8","Meal ","scooter ","19"
"6.80E+7","PUNERES01DEL03","4.5","Buffet ","motorcycle ","21"
"CE44","BHPRES14DEL03","4.6","Drinks ","scooter ","21"
"7.00E+70","COIMBRES09DEL01","4.7","Snack ","motorcycle ","25"
"9233","PUNERES010DEL01","4.3","Meal ","scooter ","40"
"4.00E+1","RANCHIRES07DEL03","4.9","Snack ","motorcycle ","40"
"D71F","AURGRES09DEL03","4.3","Drinks ","motorcycle ","29"
"37A8","JAPRES16DEL02","4.9","Drinks ","scooter ","14"
"6EB2","MYSRES01DEL01","4.7","Snack ","scooter ","19"
"2711","BANGRES03DEL03","4.6","Drinks ","motorcycle ","26"
"8A4","INDORES20DEL02","4.6","Drinks ","motorcycle ","28"
"175B","PUNERES18DEL02","4.7","Snack ","motorcycle ","27"
"9700","CHENRES11DEL01","5","Buffet ","scooter ","10"
"89A9","HYDRES03DEL01","5","Meal ","scooter ","15"
"4B90","MUMRES02DEL02","4.9","Drinks ","scooter ","17"
"7D99","BANGRES15DEL01","4.9","Snack ","scooter ","22"
"649A","INDORES05DEL02","4.7","Snack ","motorcycle ","26"
"825F","MYSRES12DEL02","5","Meal ","electric_scooter ","43"
"77C1","VADRES010DEL02","4.9","Snack ","scooter ","25"
"7427","RANCHIRES010DEL01","4.6","Drinks ","scooter ","20"
"5089","BANGRES16DEL01","4.5","Snack ","scooter ","25"
"C655","GOARES16DEL01","3.7","Meal ","scooter ","33"
"C48C","BHPRES16DEL02","4.8","Drinks ","motorcycle ","14"
"3B13","COIMBRES07DEL01","4.8","Buffet ","electric_scooter ","25"
"A3FF","COIMBRES16DEL03","4.2","Meal ","motorcycle ","19"
"9AF5","VADRES15DEL03","4.8","Drinks ","electric_scooter ","21"
"82F","JAPRES12DEL03","4.6","Meal ","scooter ","27"
"5603","COIMBRES14DEL02","4.3","Meal ","motorcycle ","33"
"3D7A","SURRES010DEL03","4.9","Snack ","electric_scooter ","16"
"3A22","COIMBRES03DEL02","4.9","Meal ","motorcycle ","30"
"51BC","MYSRES03DEL02","4.6","Snack ","motorcycle ","20"
"7579","PUNERES03DEL03","4.8","Drinks ","scooter ","39"
"9ADC","VADRES19DEL02","3.7","Buffet ","scooter ","39"
"B51C","INDORES010DEL01","4","Snack ","scooter ","37"
"4D37","JAPRES16DEL03","3.5","Meal ","scooter ","37"
"1F69","VADRES14DEL01","5","Drinks ","motorcycle ","25"
"E1E6","AURGRES01DEL01","4.9","Drinks ","scooter ","21"
"870","BANGRES15DEL01","4.6","Snack ","scooter ","18"
"403D","HYDRES13DEL03","4.3","Snack ","motorcycle ","16"
"D126","LUDHRES17DEL01","4.9","Meal ","electric_scooter ","25"
